HORAIRE RENDEZ-VOUS SEMAINE DU 10 NOVEMBRE;;;;
Globocam;Lundi;LA4224;CR98;RO1520
;Mardi;LA59;RO1520;
;Mercredi;LA59;RO1520;RO1421
;Jeudi ;LA59;RO1520;LA4124
;Vendredi;LA59;RO1520;
Transdiff;Lundi;CA2522;;
;Mardi;CA2622;;
;Mercredi;CA3023;;
;Jeudi ;CA2722;;
;Vendredi;;;
Illimite;Lundi;;;
;Mardi;;;
;Mercredi;;;
;Jeudi ;;;
;Vendredi;;;
Jeffrey;Lundi;;;
;Mardi;;;
;Mercredi;;;
;Jeudi ;;;
;Vendredi;;;
Kenworth;Lundi;;;
;Mardi;RO0325;;
;Mercredi;;;
;Jeudi ;RO0724;;
;Vendredi;;;
Autres;Lundi;RO1320 (Desharnais);TR9022 (Desharnais);
;Mardi;CA2421 (Labrie;CA3023 (Cummins);CA2522 (Alignement +Pneu)
;Mercredi;CA2421 (Labrie);CA3023 (Cummins);CA1920 (Desharnais)
;Jeudi ;;;
;Vendredi;;;
